Workbook

Sheet Instrucciones
A1: Ficha 1 — Rendimiento académico
A3: Dimensión | B3: Rendimiento académico
A4: Indicador | B4: Promedio de calificaciones
A5: Fórmula (tesis) | B5: Promedio = Σ Notas / n · Albonny y Duru [1]
A6: Periodo de corte | B6: Datos acumulados hasta el cierre del I bimestre. El mismo corte se usa para el PRE 2026 y para el histórico 2024–2025, para que el modelo no aprenda de la ausencia de quien ya desertó.
A7: Privacidad | B7: Solo códigos EST-###; ningún nombre ni DNI (Ley N.° 29733). La tabla código ↔ nombre la conserva la IE, fuera del sistema. La ficha llena se guarda en data/raw/ y no se sube al repositorio.
A8: Exclusión | B8: Si falta alguna de las 3 dimensiones o hubo traslado definitivo antes del cierre, marque excluido = sí y el motivo. No borre la fila: los excluidos se reportan en Resultados.
A9: Colores | B9: Gris: calculada, no editar. Ámbar: falta un dato obligatorio. Rojo: valor inconsistente.
A10: Nota | B10: Registre la calificación de cada área al cierre del periodo de corte. Deje vacía el área que no aplique (ej. exoneración); n cuenta solo las notas registradas.
A11: Nota | B11: Elija la escala en la celda B7. Con escala literal, AD/A/B/C se convierten según la hoja Conversión (provisional, decisión D1).
A12: Nota | B12: Una nota no válida para la escala elegida se marca en rojo y no se cuenta en el promedio.
A14: Diccionario de columnas (hoja Datos)
A15: Columna | B15: Descripción | C15: Tipo | D15: Regla
A16: codigo | B16: Código anonimizado del estudiante. Sin nombres ni DNI. | C16: captura * | D16: Formato EST-### (ej. EST-001)
A17: grado | B17: Grado de secundaria. | C17: captura * | D17: 3 o 4
A18: seccion | B18: Sección (ej. A). | C18: captura * | D18: 1–2 caracteres
A19: grupo | B19: Grupo del diseño cuasiexperimental: 3.° = control, 4.° = experimental. | C19: calculada | D19: Se calcula a partir del grado
A20: momento | B20: Momento de la medición. | C20: captura * | D20: pre o post
A21: matematica | B21: Calificación del periodo en Matemática. Vacío si no aplica (ej. exonerado). | C21: captura | D21: 0–20 (vigesimal) o AD/A/B/C (literal)
A22: comunicacion | B22: Calificación del periodo en Comunicación. Vacío si no aplica (ej. exonerado). | C22: captura | D22: 0–20 (vigesimal) o AD/A/B/C (literal)
A23: ingles | B23: Calificación del periodo en Inglés como lengua extranjera. Vacío si no aplica (ej. exonerado). | C23: captura | D23: 0–20 (vigesimal) o AD/A/B/C (literal)
A24: arte_cultura | B24: Calificación del periodo en Arte y Cultura. Vacío si no aplica (ej. exonerado). | C24: captura | D24: 0–20 (vigesimal) o AD/A/B/C (literal)
A25: ciencias_sociales | B25: Calificación del periodo en Ciencias Sociales. Vacío si no aplica (ej. exonerado). | C25: captura | D25: 0–20 (vigesimal) o AD/A/B/C (literal)
A26: dpcc | B26: Calificación del periodo en Desarrollo Personal, Ciudadanía y Cívica. Vacío si no aplica (ej. exonerado). | C26: captura | D26: 0–20 (vigesimal) o AD/A/B/C (literal)
... A37: motivo_exclusion | B37: Obligatorio si excluido = sí. | C37: captura | D37: traslado definitivo / dimensión incompleta / registro inconsistente
A38: observaciones | B38: Texto libre (sin datos personales). | C38: captura
A39: * obligatoria

Sheet Datos
A1: Ficha 1 — Rendimiento académico | E1: Promedio = Σ Notas / n · Albonny y Duru [1]
A2: Año lectivo
A3: Periodo de corte | B3: I bimestre
A4: Fecha de inicio del periodo
A5: Fecha de fin del periodo
A6: Responsable del llenado (cargo)
A7: Escala de calificación | B7: vigesimal
A9: codigo | B9: grado | C9: seccion | D9: grupo | E9: momento | F9: matematica | G9: comunicacion | H9: ingles | I9: arte_cultura | J9: ciencias_sociales | K9: dpcc | L9: educacion_fisica | M9: educacion_religiosa | N9: ciencia_tecnologia | O9: ept | P9: n_notas | Q9: suma_notas | R9: promedio | S9: anio | T9: deserto | U9: excluido | V9: motivo_exclusion | W9: observaciones
D10: =IF(B10=3,"control",IF(B10=4,"experimental","")) | P10: =IF(IF($B$7="literal",SUMPRODUCT(COUNTIF(F10:O10,'Conversión'!$A$5:$A$8)),COUNTIFS(F10:O10,">=0",F10:O10,"<=20"))=0,"",IF($B$7="literal",SUMPRODUCT(COUNTIF(F10:O10,'Conversión'!$A$5:$A$8)),COUNTIFS(F10:O10,">=0",F10:O10,"<=20"))) | Q10: =IF(P10="","",IF($B$7="literal",SUMPRODUCT(COUNTIF(F10:O10,'Conversión'!$A$5:$A$8)*'Conversión'!$B$5:$B$8),SUMIFS(F10:O10,F10:O10,">=0",F10:O10,"<=20"))) | R10: =IF(P10="","",ROUND(Q10/P10,2))
D11: =IF(B11=3,"control",IF(B11=4,"experimental","")) | P11: =IF(IF($B$7="literal",SUMPRODUCT(COUNTIF(F11:O11,'Conversión'!$A$5:$A$8)),COUNTIFS(F11:O11,">=0",F11:O11,"<=20"))=0,"",IF($B$7="literal",SUMPRODUCT(COUNTIF(F11:O11,'Conversión'!$A$5:$A$8)),COUNTIFS(F11:O11,">=0",F11:O11,"<=20"))) | Q11: =IF(P11="","",IF($B$7="literal",SUMPRODUCT(COUNTIF(F11:O11,'Conversión'!$A$5:$A$8)*'Conversión'!$B$5:$B$8),SUMIFS(F11:O11,F11:O11,">=0",F11:O11,"<=20"))) | R11: =IF(P11="","",ROUND(Q11/P11,2))
D12: =IF(B12=3,"control",IF(B12=4,"experimental","")) | P12: =IF(IF($B$7="literal",SUMPRODUCT(COUNTIF(F12:O12,'Conversión'!$A$5:$A$8)),COUNTIFS(F12:O12,">=0",F12:O12,"<=20"))=0,"",IF($B$7="literal",SUMPRODUCT(COUNTIF(F12:O12,'Conversión'!$A$5:$A$8)),COUNTIFS(F12:O12,">=0",F12:O12,"<=20"))) | Q12: =IF(P12="","",IF($B$7="literal",SUMPRODUCT(COUNTIF(F12:O12,'Conversión'!$A$5:$A$8)*'Conversión'!$B$5:$B$8),SUMIFS(F12:O12,F12:O12,">=0",F12:O12,"<=20"))) | R12: =IF(P12="","",ROUND(Q12/P12,2))
D13: =IF(B13=3,"control",IF(B13=4,"experimental","")) | P13: =IF(IF($B$7="literal",SUMPRODUCT(COUNTIF(F13:O13,'Conversión'!$A$5:$A$8)),COUNTIFS(F13:O13,">=0",F13:O13,"<=20"))=0,"",IF($B$7="literal",SUMPRODUCT(COUNTIF(F13:O13,'Conversión'!$A$5:$A$8)),COUNTIFS(F13:O13,">=0",F13:O13,"<=20"))) | Q13: =IF(P13="","",IF($B$7="literal",SUMPRODUCT(COUNTIF(F13:O13,'Conversión'!$A$5:$A$8)*'Conversión'!$B$5:$B$8),SUMIFS(F13:O13,F13:O13,">=0",F13:O13,"<=20"))) | R13: =IF(P13="","",ROUND(Q13/P13,2))
D14: =IF(B14=3,"control",IF(B14=4,"experimental","")) | P14: =IF(IF($B$7="literal",SUMPRODUCT(COUNTIF(F14:O14,'Conversión'!$A$5:$A$8)),COUNTIFS(F14:O14,">=0",F14:O14,"<=20"))=0,"",IF($B$7="literal",SUMPRODUCT(COUNTIF(F14:O14,'Conversión'!$A$5:$A$8)),COUNTIFS(F14:O14,">=0",F14:O14,"<=20"))) | Q14: =IF(P14="","",IF($B$7="literal",SUMPRODUCT(COUNTIF(F14:O14,'Conversión'!$A$5:$A$8)*'Conversión'!$B$5:$B$8),SUMIFS(F14:O14,F14:O14,">=0",F14:O14,"<=20"))) | R14: =IF(P14="","",ROUND(Q14/P14,2))
D15: =IF(B15=3,"control",IF(B15=4,"experimental","")) | P15: =IF(IF($B$7="literal",SUMPRODUCT(COUNTIF(F15:O15,'Conversión'!$A$5:$A$8)),COUNTIFS(F15:O15,">=0",F15:O15,"<=20"))=0,"",IF($B$7="literal",SUMPRODUCT(COUNTIF(F15:O15,'Conversión'!$A$5:$A$8)),COUNTIFS(F15:O15,">=0",F15:O15,"<=20"))) | Q15: =IF(P15="","",IF($B$7="literal",SUMPRODUCT(COUNTIF(F15:O15,'Conversión'!$A$5:$A$8)*'Conversión'!$B$5:$B$8),SUMIFS(F15:O15,F15:O15,">=0",F15:O15,"<=20"))) | R15: =IF(P15="","",ROUND(Q15/P15,2))
D16: =IF(B16=3,"control",IF(B16=4,"experimental","")) | P16: =IF(IF($B$7="literal",SUMPRODUCT(COUNTIF(F16:O16,'Conversión'!$A$5:$A$8)),COUNTIFS(F16:O16,">=0",F16:O16,"<=20"))=0,"",IF($B$7="literal",SUMPRODUCT(COUNTIF(F16:O16,'Conversión'!$A$5:$A$8)),COUNTIFS(F16:O16,">=0",F16:O16,"<=20"))) | Q16: =IF(P16="","",IF($B$7="literal",SUMPRODUCT(COUNTIF(F16:O16,'Conversión'!$A$5:$A$8)*'Conversión'!$B$5:$B$8),SUMIFS(F16:O16,F16:O16,">=0",F16:O16,"<=20"))) | R16: =IF(P16="","",ROUND(Q16/P16,2))
D17: =IF(B17=3,"control",IF(B17=4,"experimental","")) | P17: =IF(IF($B$7="literal",SUMPRODUCT(COUNTIF(F17:O17,'Conversión'!$A$5:$A$8)),COUNTIFS(F17:O17,">=0",F17:O17,"<=20"))=0,"",IF($B$7="literal",SUMPRODUCT(COUNTIF(F17:O17,'Conversión'!$A$5:$A$8)),COUNTIFS(F17:O17,">=0",F17:O17,"<=20"))) | Q17: =IF(P17="","",IF($B$7="literal",SUMPRODUCT(COUNTIF(F17:O17,'Conversión'!$A$5:$A$8)*'Conversión'!$B$5:$B$8),SUMIFS(F17:O17,F17:O17,">=0",F17:O17,"<=20"))) | R17: =IF(P17="","",ROUND(Q17/P17,2))
D18: =IF(B18=3,"control",IF(B18=4,"experimental","")) | P18: =IF(IF($B$7="literal",SUMPRODUCT(COUNTIF(F18:O18,'Conversión'!$A$5:$A$8)),COUNTIFS(F18:O18,">=0",F18:O18,"<=20"))=0,"",IF($B$7="literal",SUMPRODUCT(COUNTIF(F18:O18,'Conversión'!$A$5:$A$8)),COUNTIFS(F18:O18,">=0",F18:O18,"<=20"))) | Q18: =IF(P18="","",IF($B$7="literal",SUMPRODUCT(COUNTIF(F18:O18,'Conversión'!$A$5:$A$8)*'Conversión'!$B$5:$B$8),SUMIFS(F18:O18,F18:O18,">=0",F18:O18,"<=20"))) | R18: =IF(P18="","",ROUND(Q18/P18,2))
D19: =IF(B19=3,"control",IF(B19=4,"experimental","")) | P19: =IF(IF($B$7="literal",SUMPRODUCT(COUNTIF(F19:O19,'Conversión'!$A$5:$A$8)),COUNTIFS(F19:O19,">=0",F19:O19,"<=20"))=0,"",IF($B$7="literal",SUMPRODUCT(COUNTIF(F19:O19,'Conversión'!$A$5:$A$8)),COUNTIFS(F19:O19,">=0",F19:O19,"<=20"))) | Q19: =IF(P19="","",IF($B$7="literal",SUMPRODUCT(COUNTIF(F19:O19,'Conversión'!$A$5:$A$8)*'Conversión'!$B$5:$B$8),SUMIFS(F19:O19,F19:O19,">=0",F19:O19,"<=20"))) | R19: =IF(P19="","",ROUND(Q19/P19,2))
D20: =IF(B20=3,"control",IF(B20=4,"experimental","")) | P20: =IF(IF($B$7="literal",SUMPRODUCT(COUNTIF(F20:O20,'Conversión'!$A$5:$A$8)),COUNTIFS(F20:O20,">=0",F20:O20,"<=20"))=0,"",IF($B$7="literal",SUMPRODUCT(COUNTIF(F20:O20,'Conversión'!$A$5:$A$8)),COUNTIFS(F20:O20,">=0",F20:O20,"<=20"))) | Q20: =IF(P20="","",IF($B$7="literal",SUMPRODUCT(COUNTIF(F20:O20,'Conversión'!$A$5:$A$8)*'Conversión'!$B$5:$B$8),SUMIFS(F20:O20,F20:O20,">=0",F20:O20,"<=20"))) | R20: =IF(P20="","",ROUND(Q20/P20,2))
D21: =IF(B21=3,"control",IF(B21=4,"experimental","")) | P21: =IF(IF($B$7="literal",SUMPRODUCT(COUNTIF(F21:O21,'Conversión'!$A$5:$A$8)),COUNTIFS(F21:O21,">=0",F21:O21,"<=20"))=0,"",IF($B$7="literal",SUMPRODUCT(COUNTIF(F21:O21,'Conversión'!$A$5:$A$8)),COUNTIFS(F21:O21,">=0",F21:O21,"<=20"))) | Q21: =IF(P21="","",IF($B$7="literal",SUMPRODUCT(COUNTIF(F21:O21,'Conversión'!$A$5:$A$8)*'Conversión'!$B$5:$B$8),SUMIFS(F21:O21,F21:O21,">=0",F21:O21,"<=20"))) | R21: =IF(P21="","",ROUND(Q21/P21,2))
... D159: =IF(B159=3,"control",IF(B159=4,"experimental","")) | P159: =IF(IF($B$7="literal",SUMPRODUCT(COUNTIF(F159:O159,'Conversión'!$A$5:$A$8)),COUNTIFS(F159:O159,">=0",F159:O159,"<=20"))=0,"",IF($B$7="literal",SUMPRODUCT(COUNTIF(F159:O159,'Conversión'!$A$5:$A$8)),COUNTIFS(F159:O159,">=0",F159:O159,"<=20"))) | Q159: =IF(P159="","",IF($B$7="literal",SUMPRODUCT(COUNTIF(F159:O159,'Conversión'!$A$5:$A$8)*'Conversión'!$B$5:$B$8),SUMIFS(F159:O159,F159:O159,">=0",F159:O159,"<=20"))) | R159: =IF(P159="","",ROUND(Q159/P159,2))

Sheet Conversión
A1: Conversión de escala literal a numérica
A2: PROVISIONAL (decisión D1): se confirma con la IE y se justifica en la tesis. Escala literal de EBR según RVM N.° 094-2020-MINEDU.
A4: Literal | B4: Valor | C4: Descripción
A5: AD | B5: 4 | C5: Logro destacado
A6: A | B6: 3 | C6: Logro esperado
A7: B | B7: 2 | C7: En proceso
A8: C | B8: 1 | C8: En inicio
